........................................................................ [  2%]
........................................................................ [  4%]
............................................ss.......................... [  6%]
........................................................................ [  9%]
........................................................................ [ 11%]
.........ss....s........................................................ [ 13%]
........................................................................ [ 15%]
........................................................................ [ 18%]
........................................................................ [ 20%]
........................................................................ [ 22%]
........................................................................ [ 24%]
........................................................................ [ 27%]
........................................................................ [ 29%]
........................................................................ [ 31%]
........................................................................ [ 33%]
........................................................................ [ 36%]
........................................................................ [ 38%]
........................................................................ [ 40%]
........................................................................ [ 43%]
........................................................................ [ 45%]
........................................................................ [ 47%]
........................................................................ [ 49%]
........................................................................ [ 52%]
........................................................................ [ 54%]
........................................................................ [ 56%]
........................................................................ [ 58%]
........................................................................ [ 61%]
........................................................................ [ 63%]
........................................................................ [ 65%]
........................................................................ [ 67%]
........................................................................ [ 70%]
........................................................................ [ 72%]
........................................................................ [ 74%]
........................................................................ [ 77%]
........................................................................ [ 79%]
........................................................................ [ 81%]
........................................................................ [ 83%]
........................................................................ [ 86%]
........................................................................ [ 88%]
........................................................................ [ 90%]
........................................................................ [ 92%]
........................................................................ [ 95%]
.................................................EEEEEEEF.EEEE.F........ [ 97%]
...................................FFF.......F.FFF.............F........ [ 99%]
...........                                                              [100%]
==================================== ERRORS ====================================
__ ERROR at setup of test_bundle_manifest_and_checksums_cover_release_payload __

tmp_path_factory = TempPathFactory(_given_basetemp=None, _trace=<pluggy._tracing.TagTracerSub object at 0x70f657274e90>, _basetemp=PosixPath('/tmp/pytest-of-lenovo/pytest-49'), _retention_count=3, _retention_policy='all')

    @pytest.fixture(scope="session")
    def bundle(tmp_path_factory: pytest.TempPathFactory) -> Path:
        root = tmp_path_factory.mktemp("pkg2-bundle-build")
        builder = root / "build environment with spaces"
        build_home = root / "build home with spaces"
        build_env = _env(build_home)
        build_env["UV"] = str(root / "uv must not be used")
        _run([sys.executable, "-m", "venv", str(builder)], env=build_env)
        build_python = builder / "bin" / "python"
>       tooling = _run(
            [
                str(build_python),
                "-c",
                "import importlib.util; "
                "assert importlib.util.find_spec('pip') is not None; "
                "assert importlib.util.find_spec('setuptools') is not None; "
                "assert importlib.util.find_spec('build') is None; "
                "assert importlib.util.find_spec('wheel') is None",
            ],
            env=build_env,
            cwd=builder,
        )

tests/unit/test_pkg2_packaging.py:85: 
_ _ _ _ _ _ _ _ _ _ _ _ _ _ _ _ _ _ _ _ _ _ _ _ _ _ _ _ _ _ _ _ _ _ _ _ _ _ _ _ 
tests/unit/test_pkg2_packaging.py:43: in _run
    return subprocess.run(cmd, cwd=cwd, env=env, check=check, capture_output=True, text=True)
           ^^^^^^^^^^^^^^^^^^^^^^^^^^^^^^^^^^^^^^^^^^^^^^^^^^^^^^^^^^^^^^^^^^^^^^^^^^^^^^^^^^
_ _ _ _ _ _ _ _ _ _ _ _ _ _ _ _ _ _ _ _ _ _ _ _ _ _ _ _ _ _ _ _ _ _ _ _ _ _ _ _ 

input = None, capture_output = True, timeout = None, check = True
popenargs = (['/tmp/pytest-of-lenovo/pytest-49/pkg2-bundle-build0/build environment with spaces/bin/python', '-c', "import importl...s') is not None; assert importlib.util.find_spec('build') is None; assert importlib.util.find_spec('wheel') is None"],)
kwargs = {'cwd': PosixPath('/tmp/pytest-of-lenovo/pytest-49/pkg2-bundle-build0/build environment with spaces'), 'env': {'AI_AGE...H': 'false', 'BROWSERBASE_PROXIES': 'true', 'BROWSER_INACTIVITY_TIMEOUT': '120', ...}, 'stderr': -1, 'stdout': -1, ...}
process = <Popen: returncode: 1 args: ['/tmp/pytest-of-lenovo/pytest-49/pkg2-bundle-bu...>
stdout = ''
stderr = 'Traceback (most recent call last):\n  File "<string>", line 1, in <module>\n    import importlib.util; assert importl...                                                  ^^^^^^^^^^^^^^^^^^^^^^^^^^^^^^^^^^^^^^^^^^^^^^^^^^\nAssertionError\n'
retcode = 1

    def run(*popenargs,
            input=None, capture_output=False, timeout=None, check=False, **kwargs):
        """Run command with arguments and return a CompletedProcess instance.
    
        The returned instance will have attributes args, returncode, stdout and
        stderr. By default, stdout and stderr are not captured, and those attributes
        will be None. Pass stdout=PIPE and/or stderr=PIPE in order to capture them,
        or pass capture_output=True to capture both.
    
        If check is True and the exit code was non-zero, it raises a
        CalledProcessError. The CalledProcessError object will have the return code
        in the returncode attribute, and output & stderr attributes if those streams
        were captured.
    
        If timeout (seconds) is given and the process takes too long,
         a TimeoutExpired exception will be raised.
    
        There is an optional argument "input", allowing you to
        pass bytes or a string to the subprocess's stdin.  If you use this argument
        you may not also use the Popen constructor's "stdin" argument, as
        it will be used internally.
    
        By default, all communication is in bytes, and therefore any "input" should
        be bytes, and the stdout and stderr will be bytes. If in text mode, any
        "input" should be a string, and stdout and stderr will be strings decoded
        according to locale encoding, or by "encoding" if set. Text mode is
        triggered by setting any of text, encoding, errors or universal_newlines.
    
        The other arguments are the same as for the Popen constructor.
        """
        if input is not None:
            if kwargs.get('stdin') is not None:
                raise ValueError('stdin and input arguments may not both be used.')
            kwargs['stdin'] = PIPE
    
        if capture_output:
            if kwargs.get('stdout') is not None or kwargs.get('stderr') is not None:
                raise ValueError('stdout and stderr arguments may not be used '
                                 'with capture_output.')
            kwargs['stdout'] = PIPE
            kwargs['stderr'] = PIPE
    
        with Popen(*popenargs, **kwargs) as process:
            try:
                stdout, stderr = process.communicate(input, timeout=timeout)
            except TimeoutExpired as exc:
                process.kill()
                if _mswindows:
                    # Windows accumulates the output in a single blocking
                    # read() call run on child threads, with the timeout
                    # being done in a join() on those threads.  communicate()
                    # _after_ kill() is required to collect that and add it
                    # to the exception.
                    exc.stdout, exc.stderr = process.communicate()
                else:
                    # POSIX _communicate already populated the output so
                    # far into the TimeoutExpired exception.
                    process.wait()
                raise
            except:  # Including KeyboardInterrupt, communicate handled that.
                process.kill()
                # We don't call process.wait() as .__exit__ does that for us.
                raise
            retcode = process.poll()
            if check and retcode:
>               raise CalledProcessError(retcode, process.args,
                                         output=stdout, stderr=stderr)
E               subprocess.CalledProcessError: Command '['/tmp/pytest-of-lenovo/pytest-49/pkg2-bundle-build0/build environment with spaces/bin/python', '-c', "import importlib.util; assert importlib.util.find_spec('pip') is not None; assert importlib.util.find_spec('setuptools') is not None; assert importlib.util.find_spec('build') is None; assert importlib.util.find_spec('wheel') is None"]' returned non-zero exit status 1.

/usr/lib/python3.14/subprocess.py:578: CalledProcessError
_______ ERROR at setup of test_fresh_offline_install_custom_xdg_and_cli ________

tmp_path_factory = TempPathFactory(_given_basetemp=None, _trace=<pluggy._tracing.TagTracerSub object at 0x70f657274e90>, _basetemp=PosixPath('/tmp/pytest-of-lenovo/pytest-49'), _retention_count=3, _retention_policy='all')

    @pytest.fixture(scope="session")
    def bundle(tmp_path_factory: pytest.TempPathFactory) -> Path:
        root = tmp_path_factory.mktemp("pkg2-bundle-build")
        builder = root / "build environment with spaces"
        build_home = root / "build home with spaces"
        build_env = _env(build_home)
        build_env["UV"] = str(root / "uv must not be used")
        _run([sys.executable, "-m", "venv", str(builder)], env=build_env)
        build_python = builder / "bin" / "python"
>       tooling = _run(
            [
                str(build_python),
                "-c",
                "import importlib.util; "
                "assert importlib.util.find_spec('pip') is not None; "
                "assert importlib.util.find_spec('setuptools') is not None; "
                "assert importlib.util.find_spec('build') is None; "
                "assert importlib.util.find_spec('wheel') is None",
            ],
            env=build_env,
            cwd=builder,
        )

tests/unit/test_pkg2_packaging.py:85: 
_ _ _ _ _ _ _ _ _ _ _ _ _ _ _ _ _ _ _ _ _ _ _ _ _ _ _ _ _ _ _ _ _ _ _ _ _ _ _ _ 
tests/unit/test_pkg2_packaging.py:43: in _run
    return subprocess.run(cmd, cwd=cwd, env=env, check=check, capture_output=True, text=True)
           ^^^^^^^^^^^^^^^^^^^^^^^^^^^^^^^^^^^^^^^^^^^^^^^^^^^^^^^^^^^^^^^^^^^^^^^^^^^^^^^^^^
_ _ _ _ _ _ _ _ _ _ _ _ _ _ _ _ _ _ _ _ _ _ _ _ _ _ _ _ _ _ _ _ _ _ _ _ _ _ _ _ 

input = None, capture_output = True, timeout = None, check = True
popenargs = (['/tmp/pytest-of-lenovo/pytest-49/pkg2-bundle-build0/build environment with spaces/bin/python', '-c', "import importl...s') is not None; assert importlib.util.find_spec('build') is None; assert importlib.util.find_spec('wheel') is None"],)
kwargs = {'cwd': PosixPath('/tmp/pytest-of-lenovo/pytest-49/pkg2-bundle-build0/build environment with spaces'), 'env': {'AI_AGE...H': 'false', 'BROWSERBASE_PROXIES': 'true', 'BROWSER_INACTIVITY_TIMEOUT': '120', ...}, 'stderr': -1, 'stdout': -1, ...}
process = <Popen: returncode: 1 args: ['/tmp/pytest-of-lenovo/pytest-49/pkg2-bundle-bu...>
stdout = ''
stderr = 'Traceback (most recent call last):\n  File "<string>", line 1, in <module>\n    import importlib.util; assert importl...                                                  ^^^^^^^^^^^^^^^^^^^^^^^^^^^^^^^^^^^^^^^^^^^^^^^^^^\nAssertionError\n'
retcode = 1

    def run(*popenargs,
            input=None, capture_output=False, timeout=None, check=False, **kwargs):
        """Run command with arguments and return a CompletedProcess instance.
    
        The returned instance will have attributes args, returncode, stdout and
        stderr. By default, stdout and stderr are not captured, and those attributes
        will be None. Pass stdout=PIPE and/or stderr=PIPE in order to capture them,
        or pass capture_output=True to capture both.
    
        If check is True and the exit code was non-zero, it raises a
        CalledProcessError. The CalledProcessError object will have the return code
        in the returncode attribute, and output & stderr attributes if those streams
        were captured.
    
        If timeout (seconds) is given and the process takes too long,
         a TimeoutExpired exception will be raised.
    
        There is an optional argument "input", allowing you to
        pass bytes or a string to the subprocess's stdin.  If you use this argument
        you may not also use the Popen constructor's "stdin" argument, as
        it will be used internally.
    
        By default, all communication is in bytes, and therefore any "input" should
        be bytes, and the stdout and stderr will be bytes. If in text mode, any
        "input" should be a string, and stdout and stderr will be strings decoded
        according to locale encoding, or by "encoding" if set. Text mode is
        triggered by setting any of text, encoding, errors or universal_newlines.
    
        The other arguments are the same as for the Popen constructor.
        """
        if input is not None:
            if kwargs.get('stdin') is not None:
                raise ValueError('stdin and input arguments may not both be used.')
            kwargs['stdin'] = PIPE
    
        if capture_output:
            if kwargs.get('stdout') is not None or kwargs.get('stderr') is not None:
                raise ValueError('stdout and stderr arguments may not be used '
                                 'with capture_output.')
            kwargs['stdout'] = PIPE
            kwargs['stderr'] = PIPE
    
        with Popen(*popenargs, **kwargs) as process:
            try:
                stdout, stderr = process.communicate(input, timeout=timeout)
            except TimeoutExpired as exc:
                process.kill()
                if _mswindows:
                    # Windows accumulates the output in a single blocking
                    # read() call run on child threads, with the timeout
                    # being done in a join() on those threads.  communicate()
                    # _after_ kill() is required to collect that and add it
                    # to the exception.
                    exc.stdout, exc.stderr = process.communicate()
                else:
                    # POSIX _communicate already populated the output so
                    # far into the TimeoutExpired exception.
                    process.wait()
                raise
            except:  # Including KeyboardInterrupt, communicate handled that.
                process.kill()
                # We don't call process.wait() as .__exit__ does that for us.
                raise
            retcode = process.poll()
            if check and retcode:
>               raise CalledProcessError(retcode, process.args,
                                         output=stdout, stderr=stderr)
E               subprocess.CalledProcessError: Command '['/tmp/pytest-of-lenovo/pytest-49/pkg2-bundle-build0/build environment with spaces/bin/python', '-c', "import importlib.util; assert importlib.util.find_spec('pip') is not None; assert importlib.util.find_spec('setuptools') is not None; assert importlib.util.find_spec('build') is None; assert importlib.util.find_spec('wheel') is None"]' returned non-zero exit status 1.

/usr/lib/python3.14/subprocess.py:578: CalledProcessError
______ ERROR at setup of test_checksum_tampering_fails_before_activation _______

tmp_path_factory = TempPathFactory(_given_basetemp=None, _trace=<pluggy._tracing.TagTracerSub object at 0x70f657274e90>, _basetemp=PosixPath('/tmp/pytest-of-lenovo/pytest-49'), _retention_count=3, _retention_policy='all')

    @pytest.fixture(scope="session")
    def bundle(tmp_path_factory: pytest.TempPathFactory) -> Path:
        root = tmp_path_factory.mktemp("pkg2-bundle-build")
        builder = root / "build environment with spaces"
        build_home = root / "build home with spaces"
        build_env = _env(build_home)
        build_env["UV"] = str(root / "uv must not be used")
        _run([sys.executable, "-m", "venv", str(builder)], env=build_env)
        build_python = builder / "bin" / "python"
>       tooling = _run(
            [
                str(build_python),
                "-c",
                "import importlib.util; "
                "assert importlib.util.find_spec('pip') is not None; "
                "assert importlib.util.find_spec('setuptools') is not None; "
                "assert importlib.util.find_spec('build') is None; "
                "assert importlib.util.find_spec('wheel') is None",
            ],
            env=build_env,
            cwd=builder,
        )

tests/unit/test_pkg2_packaging.py:85: 
_ _ _ _ _ _ _ _ _ _ _ _ _ _ _ _ _ _ _ _ _ _ _ _ _ _ _ _ _ _ _ _ _ _ _ _ _ _ _ _ 
tests/unit/test_pkg2_packaging.py:43: in _run
    return subprocess.run(cmd, cwd=cwd, env=env, check=check, capture_output=True, text=True)
           ^^^^^^^^^^^^^^^^^^^^^^^^^^^^^^^^^^^^^^^^^^^^^^^^^^^^^^^^^^^^^^^^^^^^^^^^^^^^^^^^^^
_ _ _ _ _ _ _ _ _ _ _ _ _ _ _ _ _ _ _ _ _ _ _ _ _ _ _ _ _ _ _ _ _ _ _ _ _ _ _ _ 

input = None, capture_output = True, timeout = None, check = True
popenargs = (['/tmp/pytest-of-lenovo/pytest-49/pkg2-bundle-build0/build environment with spaces/bin/python', '-c', "import importl...s') is not None; assert importlib.util.find_spec('build') is None; assert importlib.util.find_spec('wheel') is None"],)
kwargs = {'cwd': PosixPath('/tmp/pytest-of-lenovo/pytest-49/pkg2-bundle-build0/build environment with spaces'), 'env': {'AI_AGE...H': 'false', 'BROWSERBASE_PROXIES': 'true', 'BROWSER_INACTIVITY_TIMEOUT': '120', ...}, 'stderr': -1, 'stdout': -1, ...}
process = <Popen: returncode: 1 args: ['/tmp/pytest-of-lenovo/pytest-49/pkg2-bundle-bu...>
stdout = ''
stderr = 'Traceback (most recent call last):\n  File "<string>", line 1, in <module>\n    import importlib.util; assert importl...                                                  ^^^^^^^^^^^^^^^^^^^^^^^^^^^^^^^^^^^^^^^^^^^^^^^^^^\nAssertionError\n'
retcode = 1

    def run(*popenargs,
            input=None, capture_output=False, timeout=None, check=False, **kwargs):
        """Run command with arguments and return a CompletedProcess instance.
    
        The returned instance will have attributes args, returncode, stdout and
        stderr. By default, stdout and stderr are not captured, and those attributes
        will be None. Pass stdout=PIPE and/or stderr=PIPE in order to capture them,
        or pass capture_output=True to capture both.
    
        If check is True and the exit code was non-zero, it raises a
        CalledProcessError. The CalledProcessError object will have the return code
        in the returncode attribute, and output & stderr attributes if those streams
        were captured.
    
        If timeout (seconds) is given and the process takes too long,
         a TimeoutExpired exception will be raised.
    
        There is an optional argument "input", allowing you to
        pass bytes or a string to the subprocess's stdin.  If you use this argument
        you may not also use the Popen constructor's "stdin" argument, as
        it will be used internally.
    
        By default, all communication is in bytes, and therefore any "input" should
        be bytes, and the stdout and stderr will be bytes. If in text mode, any
        "input" should be a string, and stdout and stderr will be strings decoded
        according to locale encoding, or by "encoding" if set. Text mode is
        triggered by setting any of text, encoding, errors or universal_newlines.
    
        The other arguments are the same as for the Popen constructor.
        """
        if input is not None:
            if kwargs.get('stdin') is not None:
                raise ValueError('stdin and input arguments may not both be used.')
            kwargs['stdin'] = PIPE
    
        if capture_output:
            if kwargs.get('stdout') is not None or kwargs.get('stderr') is not None:
                raise ValueError('stdout and stderr arguments may not be used '
                                 'with capture_output.')
            kwargs['stdout'] = PIPE
            kwargs['stderr'] = PIPE
    
        with Popen(*popenargs, **kwargs) as process:
            try:
                stdout, stderr = process.communicate(input, timeout=timeout)
            except TimeoutExpired as exc:
                process.kill()
                if _mswindows:
                    # Windows accumulates the output in a single blocking
                    # read() call run on child threads, with the timeout
                    # being done in a join() on those threads.  communicate()
                    # _after_ kill() is required to collect that and add it
                    # to the exception.
                    exc.stdout, exc.stderr = process.communicate()
                else:
                    # POSIX _communicate already populated the output so
                    # far into the TimeoutExpired exception.
                    process.wait()
                raise
            except:  # Including KeyboardInterrupt, communicate handled that.
                process.kill()
                # We don't call process.wait() as .__exit__ does that for us.
                raise
            retcode = process.poll()
            if check and retcode:
>               raise CalledProcessError(retcode, process.args,
                                         output=stdout, stderr=stderr)
E               subprocess.CalledProcessError: Command '['/tmp/pytest-of-lenovo/pytest-49/pkg2-bundle-build0/build environment with spaces/bin/python', '-c', "import importlib.util; assert importlib.util.find_spec('pip') is not None; assert importlib.util.find_spec('setuptools') is not None; assert importlib.util.find_spec('build') is None; assert importlib.util.find_spec('wheel') is None"]' returned non-zero exit status 1.

/usr/lib/python3.14/subprocess.py:578: CalledProcessError
_ ERROR at setup of test_interrupted_install_preserves_previous_active_runtime _

tmp_path_factory = TempPathFactory(_given_basetemp=None, _trace=<pluggy._tracing.TagTracerSub object at 0x70f657274e90>, _basetemp=PosixPath('/tmp/pytest-of-lenovo/pytest-49'), _retention_count=3, _retention_policy='all')

    @pytest.fixture(scope="session")
    def bundle(tmp_path_factory: pytest.TempPathFactory) -> Path:
        root = tmp_path_factory.mktemp("pkg2-bundle-build")
        builder = root / "build environment with spaces"
        build_home = root / "build home with spaces"
        build_env = _env(build_home)
        build_env["UV"] = str(root / "uv must not be used")
        _run([sys.executable, "-m", "venv", str(builder)], env=build_env)
        build_python = builder / "bin" / "python"
>       tooling = _run(
            [
                str(build_python),
                "-c",
                "import importlib.util; "
                "assert importlib.util.find_spec('pip') is not None; "
                "assert importlib.util.find_spec('setuptools') is not None; "
                "assert importlib.util.find_spec('build') is None; "
                "assert importlib.util.find_spec('wheel') is None",
            ],
            env=build_env,
            cwd=builder,
        )

tests/unit/test_pkg2_packaging.py:85: 
_ _ _ _ _ _ _ _ _ _ _ _ _ _ _ _ _ _ _ _ _ _ _ _ _ _ _ _ _ _ _ _ _ _ _ _ _ _ _ _ 
tests/unit/test_pkg2_packaging.py:43: in _run
    return subprocess.run(cmd, cwd=cwd, env=env, check=check, capture_output=True, text=True)
           ^^^^^^^^^^^^^^^^^^^^^^^^^^^^^^^^^^^^^^^^^^^^^^^^^^^^^^^^^^^^^^^^^^^^^^^^^^^^^^^^^^
_ _ _ _ _ _ _ _ _ _ _ _ _ _ _ _ _ _ _ _ _ _ _ _ _ _ _ _ _ _ _ _ _ _ _ _ _ _ _ _ 

input = None, capture_output = True, timeout = None, check = True
popenargs = (['/tmp/pytest-of-lenovo/pytest-49/pkg2-bundle-build0/build environment with spaces/bin/python', '-c', "import importl...s') is not None; assert importlib.util.find_spec('build') is None; assert importlib.util.find_spec('wheel') is None"],)
kwargs = {'cwd': PosixPath('/tmp/pytest-of-lenovo/pytest-49/pkg2-bundle-build0/build environment with spaces'), 'env': {'AI_AGE...H': 'false', 'BROWSERBASE_PROXIES': 'true', 'BROWSER_INACTIVITY_TIMEOUT': '120', ...}, 'stderr': -1, 'stdout': -1, ...}
process = <Popen: returncode: 1 args: ['/tmp/pytest-of-lenovo/pytest-49/pkg2-bundle-bu...>
stdout = ''
stderr = 'Traceback (most recent call last):\n  File "<string>", line 1, in <module>\n    import importlib.util; assert importl...                                                  ^^^^^^^^^^^^^^^^^^^^^^^^^^^^^^^^^^^^^^^^^^^^^^^^^^\nAssertionError\n'
retcode = 1

    def run(*popenargs,
            input=None, capture_output=False, timeout=None, check=False, **kwargs):
        """Run command with arguments and return a CompletedProcess instance.
    
        The returned instance will have attributes args, returncode, stdout and
        stderr. By default, stdout and stderr are not captured, and those attributes
        will be None. Pass stdout=PIPE and/or stderr=PIPE in order to capture them,
        or pass capture_output=True to capture both.
    
        If check is True and the exit code was non-zero, it raises a
        CalledProcessError. The CalledProcessError object will have the return code
        in the returncode attribute, and output & stderr attributes if those streams
        were captured.
    
        If timeout (seconds) is given and the process takes too long,
         a TimeoutExpired exception will be raised.
    
        There is an optional argument "input", allowing you to
        pass bytes or a string to the subprocess's stdin.  If you use this argument
        you may not also use the Popen constructor's "stdin" argument, as
        it will be used internally.
    
        By default, all communication is in bytes, and therefore any "input" should
        be bytes, and the stdout and stderr will be bytes. If in text mode, any
        "input" should be a string, and stdout and stderr will be strings decoded
        according to locale encoding, or by "encoding" if set. Text mode is
        triggered by setting any of text, encoding, errors or universal_newlines.
    
        The other arguments are the same as for the Popen constructor.
        """
        if input is not None:
            if kwargs.get('stdin') is not None:
                raise ValueError('stdin and input arguments may not both be used.')
            kwargs['stdin'] = PIPE
    
        if capture_output:
            if kwargs.get('stdout') is not None or kwargs.get('stderr') is not None:
                raise ValueError('stdout and stderr arguments may not be used '
                                 'with capture_output.')
            kwargs['stdout'] = PIPE
            kwargs['stderr'] = PIPE
    
        with Popen(*popenargs, **kwargs) as process:
            try:
                stdout, stderr = process.communicate(input, timeout=timeout)
            except TimeoutExpired as exc:
                process.kill()
                if _mswindows:
                    # Windows accumulates the output in a single blocking
                    # read() call run on child threads, with the timeout
                    # being done in a join() on those threads.  communicate()
                    # _after_ kill() is required to collect that and add it
                    # to the exception.
                    exc.stdout, exc.stderr = process.communicate()
                else:
                    # POSIX _communicate already populated the output so
                    # far into the TimeoutExpired exception.
                    process.wait()
                raise
            except:  # Including KeyboardInterrupt, communicate handled that.
                process.kill()
                # We don't call process.wait() as .__exit__ does that for us.
                raise
            retcode = process.poll()
            if check and retcode:
>               raise CalledProcessError(retcode, process.args,
                                         output=stdout, stderr=stderr)
E               subprocess.CalledProcessError: Command '['/tmp/pytest-of-lenovo/pytest-49/pkg2-bundle-build0/build environment with spaces/bin/python', '-c', "import importlib.util; assert importlib.util.find_spec('pip') is not None; assert importlib.util.find_spec('setuptools') is not None; assert importlib.util.find_spec('build') is None; assert importlib.util.find_spec('wheel') is None"]' returned non-zero exit status 1.

/usr/lib/python3.14/subprocess.py:578: CalledProcessError
_______ ERROR at setup of test_same_version_reinstall_is_non_destructive _______

tmp_path_factory = TempPathFactory(_given_basetemp=None, _trace=<pluggy._tracing.TagTracerSub object at 0x70f657274e90>, _basetemp=PosixPath('/tmp/pytest-of-lenovo/pytest-49'), _retention_count=3, _retention_policy='all')

    @pytest.fixture(scope="session")
    def bundle(tmp_path_factory: pytest.TempPathFactory) -> Path:
        root = tmp_path_factory.mktemp("pkg2-bundle-build")
        builder = root / "build environment with spaces"
        build_home = root / "build home with spaces"
        build_env = _env(build_home)
        build_env["UV"] = str(root / "uv must not be used")
        _run([sys.executable, "-m", "venv", str(builder)], env=build_env)
        build_python = builder / "bin" / "python"
>       tooling = _run(
            [
                str(build_python),
                "-c",
                "import importlib.util; "
                "assert importlib.util.find_spec('pip') is not None; "
                "assert importlib.util.find_spec('setuptools') is not None; "
                "assert importlib.util.find_spec('build') is None; "
                "assert importlib.util.find_spec('wheel') is None",
            ],
            env=build_env,
            cwd=builder,
        )

tests/unit/test_pkg2_packaging.py:85: 
_ _ _ _ _ _ _ _ _ _ _ _ _ _ _ _ _ _ _ _ _ _ _ _ _ _ _ _ _ _ _ _ _ _ _ _ _ _ _ _ 
tests/unit/test_pkg2_packaging.py:43: in _run
    return subprocess.run(cmd, cwd=cwd, env=env, check=check, capture_output=True, text=True)
           ^^^^^^^^^^^^^^^^^^^^^^^^^^^^^^^^^^^^^^^^^^^^^^^^^^^^^^^^^^^^^^^^^^^^^^^^^^^^^^^^^^
_ _ _ _ _ _ _ _ _ _ _ _ _ _ _ _ _ _ _ _ _ _ _ _ _ _ _ _ _ _ _ _ _ _ _ _ _ _ _ _ 

input = None, capture_output = True, timeout = None, check = True
popenargs = (['/tmp/pytest-of-lenovo/pytest-49/pkg2-bundle-build0/build environment with spaces/bin/python', '-c', "import importl...s') is not None; assert importlib.util.find_spec('build') is None; assert importlib.util.find_spec('wheel') is None"],)
kwargs = {'cwd': PosixPath('/tmp/pytest-of-lenovo/pytest-49/pkg2-bundle-build0/build environment with spaces'), 'env': {'AI_AGE...H': 'false', 'BROWSERBASE_PROXIES': 'true', 'BROWSER_INACTIVITY_TIMEOUT': '120', ...}, 'stderr': -1, 'stdout': -1, ...}
process = <Popen: returncode: 1 args: ['/tmp/pytest-of-lenovo/pytest-49/pkg2-bundle-bu...>
stdout = ''
stderr = 'Traceback (most recent call last):\n  File "<string>", line 1, in <module>\n    import importlib.util; assert importl...                                                  ^^^^^^^^^^^^^^^^^^^^^^^^^^^^^^^^^^^^^^^^^^^^^^^^^^\nAssertionError\n'
retcode = 1

    def run(*popenargs,
            input=None, capture_output=False, timeout=None, check=False, **kwargs):
        """Run command with arguments and return a CompletedProcess instance.
    
        The returned instance will have attributes args, returncode, stdout and
        stderr. By default, stdout and stderr are not captured, and those attributes
        will be None. Pass stdout=PIPE and/or stderr=PIPE in order to capture them,
        or pass capture_output=True to capture both.
    
        If check is True and the exit code was non-zero, it raises a
        CalledProcessError. The CalledProcessError object will have the return code
        in the returncode attribute, and output & stderr attributes if those streams
        were captured.
    
        If timeout (seconds) is given and the process takes too long,
         a TimeoutExpired exception will be raised.
    
        There is an optional argument "input", allowing you to
        pass bytes or a string to the subprocess's stdin.  If you use this argument
        you may not also use the Popen constructor's "stdin" argument, as
        it will be used internally.
    
        By default, all communication is in bytes, and therefore any "input" should
        be bytes, and the stdout and stderr will be bytes. If in text mode, any
        "input" should be a string, and stdout and stderr will be strings decoded
        according to locale encoding, or by "encoding" if set. Text mode is
        triggered by setting any of text, encoding, errors or universal_newlines.
    
        The other arguments are the same as for the Popen constructor.
        """
        if input is not None:
            if kwargs.get('stdin') is not None:
                raise ValueError('stdin and input arguments may not both be used.')
            kwargs['stdin'] = PIPE
    
        if capture_output:
            if kwargs.get('stdout') is not None or kwargs.get('stderr') is not None:
                raise ValueError('stdout and stderr arguments may not be used '
                                 'with capture_output.')
            kwargs['stdout'] = PIPE
            kwargs['stderr'] = PIPE
    
        with Popen(*popenargs, **kwargs) as process:
            try:
                stdout, stderr = process.communicate(input, timeout=timeout)
            except TimeoutExpired as exc:
                process.kill()
                if _mswindows:
                    # Windows accumulates the output in a single blocking
                    # read() call run on child threads, with the timeout
                    # being done in a join() on those threads.  communicate()
                    # _after_ kill() is required to collect that and add it
                    # to the exception.
                    exc.stdout, exc.stderr = process.communicate()
                else:
                    # POSIX _communicate already populated the output so
                    # far into the TimeoutExpired exception.
                    process.wait()
                raise
            except:  # Including KeyboardInterrupt, communicate handled that.
                process.kill()
                # We don't call process.wait() as .__exit__ does that for us.
                raise
            retcode = process.poll()
            if check and retcode:
>               raise CalledProcessError(retcode, process.args,
                                         output=stdout, stderr=stderr)
E               subprocess.CalledProcessError: Command '['/tmp/pytest-of-lenovo/pytest-49/pkg2-bundle-build0/build environment with spaces/bin/python', '-c', "import importlib.util; assert importlib.util.find_spec('pip') is not None; assert importlib.util.find_spec('setuptools') is not None; assert importlib.util.find_spec('build') is None; assert importlib.util.find_spec('wheel') is None"]' returned non-zero exit status 1.

/usr/lib/python3.14/subprocess.py:578: CalledProcessError
_________ ERROR at setup of test_default_uninstall_preserves_user_data _________

tmp_path_factory = TempPathFactory(_given_basetemp=None, _trace=<pluggy._tracing.TagTracerSub object at 0x70f657274e90>, _basetemp=PosixPath('/tmp/pytest-of-lenovo/pytest-49'), _retention_count=3, _retention_policy='all')

    @pytest.fixture(scope="session")
    def bundle(tmp_path_factory: pytest.TempPathFactory) -> Path:
        root = tmp_path_factory.mktemp("pkg2-bundle-build")
        builder = root / "build environment with spaces"
        build_home = root / "build home with spaces"
        build_env = _env(build_home)
        build_env["UV"] = str(root / "uv must not be used")
        _run([sys.executable, "-m", "venv", str(builder)], env=build_env)
        build_python = builder / "bin" / "python"
>       tooling = _run(
            [
                str(build_python),
                "-c",
                "import importlib.util; "
                "assert importlib.util.find_spec('pip') is not None; "
                "assert importlib.util.find_spec('setuptools') is not None; "
                "assert importlib.util.find_spec('build') is None; "
                "assert importlib.util.find_spec('wheel') is None",
            ],
            env=build_env,
            cwd=builder,
        )

tests/unit/test_pkg2_packaging.py:85: 
_ _ _ _ _ _ _ _ _ _ _ _ _ _ _ _ _ _ _ _ _ _ _ _ _ _ _ _ _ _ _ _ _ _ _ _ _ _ _ _ 
tests/unit/test_pkg2_packaging.py:43: in _run
    return subprocess.run(cmd, cwd=cwd, env=env, check=check, capture_output=True, text=True)
           ^^^^^^^^^^^^^^^^^^^^^^^^^^^^^^^^^^^^^^^^^^^^^^^^^^^^^^^^^^^^^^^^^^^^^^^^^^^^^^^^^^
_ _ _ _ _ _ _ _ _ _ _ _ _ _ _ _ _ _ _ _ _ _ _ _ _ _ _ _ _ _ _ _ _ _ _ _ _ _ _ _ 

input = None, capture_output = True, timeout = None, check = True
popenargs = (['/tmp/pytest-of-lenovo/pytest-49/pkg2-bundle-build0/build environment with spaces/bin/python', '-c', "import importl...s') is not None; assert importlib.util.find_spec('build') is None; assert importlib.util.find_spec('wheel') is None"],)
kwargs = {'cwd': PosixPath('/tmp/pytest-of-lenovo/pytest-49/pkg2-bundle-build0/build environment with spaces'), 'env': {'AI_AGE...H': 'false', 'BROWSERBASE_PROXIES': 'true', 'BROWSER_INACTIVITY_TIMEOUT': '120', ...}, 'stderr': -1, 'stdout': -1, ...}
process = <Popen: returncode: 1 args: ['/tmp/pytest-of-lenovo/pytest-49/pkg2-bundle-bu...>
stdout = ''
stderr = 'Traceback (most recent call last):\n  File "<string>", line 1, in <module>\n    import importlib.util; assert importl...                                                  ^^^^^^^^^^^^^^^^^^^^^^^^^^^^^^^^^^^^^^^^^^^^^^^^^^\nAssertionError\n'
retcode = 1

    def run(*popenargs,
            input=None, capture_output=False, timeout=None, check=False, **kwargs):
        """Run command with arguments and return a CompletedProcess instance.
    
        The returned instance will have attributes args, returncode, stdout and
        stderr. By default, stdout and stderr are not captured, and those attributes
        will be None. Pass stdout=PIPE and/or stderr=PIPE in order to capture them,
        or pass capture_output=True to capture both.
    
        If check is True and the exit code was non-zero, it raises a
        CalledProcessError. The CalledProcessError object will have the return code
        in the returncode attribute, and output & stderr attributes if those streams
        were captured.
    
        If timeout (seconds) is given and the process takes too long,
         a TimeoutExpired exception will be raised.
    
        There is an optional argument "input", allowing you to
        pass bytes or a string to the subprocess's stdin.  If you use this argument
        you may not also use the Popen constructor's "stdin" argument, as
        it will be used internally.
    
        By default, all communication is in bytes, and therefore any "input" should
        be bytes, and the stdout and stderr will be bytes. If in text mode, any
        "input" should be a string, and stdout and stderr will be strings decoded
        according to locale encoding, or by "encoding" if set. Text mode is
        triggered by setting any of text, encoding, errors or universal_newlines.
    
        The other arguments are the same as for the Popen constructor.
        """
        if input is not None:
            if kwargs.get('stdin') is not None:
                raise ValueError('stdin and input arguments may not both be used.')
            kwargs['stdin'] = PIPE
    
        if capture_output:
            if kwargs.get('stdout') is not None or kwargs.get('stderr') is not None:
                raise ValueError('stdout and stderr arguments may not be used '
                                 'with capture_output.')
            kwargs['stdout'] = PIPE
            kwargs['stderr'] = PIPE
    
        with Popen(*popenargs, **kwargs) as process:
            try:
                stdout, stderr = process.communicate(input, timeout=timeout)
            except TimeoutExpired as exc:
                process.kill()
                if _mswindows:
                    # Windows accumulates the output in a single blocking
                    # read() call run on child threads, with the timeout
                    # being done in a join() on those threads.  communicate()
                    # _after_ kill() is required to collect that and add it
                    # to the exception.
                    exc.stdout, exc.stderr = process.communicate()
                else:
                    # POSIX _communicate already populated the output so
                    # far into the TimeoutExpired exception.
                    process.wait()
                raise
            except:  # Including KeyboardInterrupt, communicate handled that.
                process.kill()
                # We don't call process.wait() as .__exit__ does that for us.
                raise
            retcode = process.poll()
            if check and retcode:
>               raise CalledProcessError(retcode, process.args,
                                         output=stdout, stderr=stderr)
E               subprocess.CalledProcessError: Command '['/tmp/pytest-of-lenovo/pytest-49/pkg2-bundle-build0/build environment with spaces/bin/python', '-c', "import importlib.util; assert importlib.util.find_spec('pip') is not None; assert importlib.util.find_spec('setuptools') is not None; assert importlib.util.find_spec('build') is None; assert importlib.util.find_spec('wheel') is None"]' returned non-zero exit status 1.

/usr/lib/python3.14/subprocess.py:578: CalledProcessError
________ ERROR at setup of test_uninstall_refuses_unsafe_active_symlink ________

tmp_path_factory = TempPathFactory(_given_basetemp=None, _trace=<pluggy._tracing.TagTracerSub object at 0x70f657274e90>, _basetemp=PosixPath('/tmp/pytest-of-lenovo/pytest-49'), _retention_count=3, _retention_policy='all')

    @pytest.fixture(scope="session")
    def bundle(tmp_path_factory: pytest.TempPathFactory) -> Path:
        root = tmp_path_factory.mktemp("pkg2-bundle-build")
        builder = root / "build environment with spaces"
        build_home = root / "build home with spaces"
        build_env = _env(build_home)
        build_env["UV"] = str(root / "uv must not be used")
        _run([sys.executable, "-m", "venv", str(builder)], env=build_env)
        build_python = builder / "bin" / "python"
>       tooling = _run(
            [
                str(build_python),
                "-c",
                "import importlib.util; "
                "assert importlib.util.find_spec('pip') is not None; "
                "assert importlib.util.find_spec('setuptools') is not None; "
                "assert importlib.util.find_spec('build') is None; "
                "assert importlib.util.find_spec('wheel') is None",
            ],
            env=build_env,
            cwd=builder,
        )

tests/unit/test_pkg2_packaging.py:85: 
_ _ _ _ _ _ _ _ _ _ _ _ _ _ _ _ _ _ _ _ _ _ _ _ _ _ _ _ _ _ _ _ _ _ _ _ _ _ _ _ 
tests/unit/test_pkg2_packaging.py:43: in _run
    return subprocess.run(cmd, cwd=cwd, env=env, check=check, capture_output=True, text=True)
           ^^^^^^^^^^^^^^^^^^^^^^^^^^^^^^^^^^^^^^^^^^^^^^^^^^^^^^^^^^^^^^^^^^^^^^^^^^^^^^^^^^
_ _ _ _ _ _ _ _ _ _ _ _ _ _ _ _ _ _ _ _ _ _ _ _ _ _ _ _ _ _ _ _ _ _ _ _ _ _ _ _ 

input = None, capture_output = True, timeout = None, check = True
popenargs = (['/tmp/pytest-of-lenovo/pytest-49/pkg2-bundle-build0/build environment with spaces/bin/python', '-c', "import importl...s') is not None; assert importlib.util.find_spec('build') is None; assert importlib.util.find_spec('wheel') is None"],)
kwargs = {'cwd': PosixPath('/tmp/pytest-of-lenovo/pytest-49/pkg2-bundle-build0/build environment with spaces'), 'env': {'AI_AGE...H': 'false', 'BROWSERBASE_PROXIES': 'true', 'BROWSER_INACTIVITY_TIMEOUT': '120', ...}, 'stderr': -1, 'stdout': -1, ...}
process = <Popen: returncode: 1 args: ['/tmp/pytest-of-lenovo/pytest-49/pkg2-bundle-bu...>
stdout = ''
stderr = 'Traceback (most recent call last):\n  File "<string>", line 1, in <module>\n    import importlib.util; assert importl...                                                  ^^^^^^^^^^^^^^^^^^^^^^^^^^^^^^^^^^^^^^^^^^^^^^^^^^\nAssertionError\n'
retcode = 1

    def run(*popenargs,
            input=None, capture_output=False, timeout=None, check=False, **kwargs):
        """Run command with arguments and return a CompletedProcess instance.
    
        The returned instance will have attributes args, returncode, stdout and
        stderr. By default, stdout and stderr are not captured, and those attributes
        will be None. Pass stdout=PIPE and/or stderr=PIPE in order to capture them,
        or pass capture_output=True to capture both.
    
        If check is True and the exit code was non-zero, it raises a
        CalledProcessError. The CalledProcessError object will have the return code
        in the returncode attribute, and output & stderr attributes if those streams
        were captured.
    
        If timeout (seconds) is given and the process takes too long,
         a TimeoutExpired exception will be raised.
    
        There is an optional argument "input", allowing you to
        pass bytes or a string to the subprocess's stdin.  If you use this argument
        you may not also use the Popen constructor's "stdin" argument, as
        it will be used internally.
    
        By default, all communication is in bytes, and therefore any "input" should
        be bytes, and the stdout and stderr will be bytes. If in text mode, any
        "input" should be a string, and stdout and stderr will be strings decoded
        according to locale encoding, or by "encoding" if set. Text mode is
        triggered by setting any of text, encoding, errors or universal_newlines.
    
        The other arguments are the same as for the Popen constructor.
        """
        if input is not None:
            if kwargs.get('stdin') is not None:
                raise ValueError('stdin and input arguments may not both be used.')
            kwargs['stdin'] = PIPE
    
        if capture_output:
            if kwargs.get('stdout') is not None or kwargs.get('stderr') is not None:
                raise ValueError('stdout and stderr arguments may not be used '
                                 'with capture_output.')
            kwargs['stdout'] = PIPE
            kwargs['stderr'] = PIPE
    
        with Popen(*popenargs, **kwargs) as process:
            try:
                stdout, stderr = process.communicate(input, timeout=timeout)
            except TimeoutExpired as exc:
                process.kill()
                if _mswindows:
                    # Windows accumulates the output in a single blocking
                    # read() call run on child threads, with the timeout
                    # being done in a join() on those threads.  communicate()
                    # _after_ kill() is required to collect that and add it
                    # to the exception.
                    exc.stdout, exc.stderr = process.communicate()
                else:
                    # POSIX _communicate already populated the output so
                    # far into the TimeoutExpired exception.
                    process.wait()
                raise
            except:  # Including KeyboardInterrupt, communicate handled that.
                process.kill()
                # We don't call process.wait() as .__exit__ does that for us.
                raise
            retcode = process.poll()
            if check and retcode:
>               raise CalledProcessError(retcode, process.args,
                                         output=stdout, stderr=stderr)
E               subprocess.CalledProcessError: Command '['/tmp/pytest-of-lenovo/pytest-49/pkg2-bundle-build0/build environment with spaces/bin/python', '-c', "import importlib.util; assert importlib.util.find_spec('pip') is not None; assert importlib.util.find_spec('setuptools') is not None; assert importlib.util.find_spec('build') is None; assert importlib.util.find_spec('wheel') is None"]' returned non-zero exit status 1.

/usr/lib/python3.14/subprocess.py:578: CalledProcessError
________ ERROR at setup of test_installer_has_no_repository_dependency _________

tmp_path_factory = TempPathFactory(_given_basetemp=None, _trace=<pluggy._tracing.TagTracerSub object at 0x70f657274e90>, _basetemp=PosixPath('/tmp/pytest-of-lenovo/pytest-49'), _retention_count=3, _retention_policy='all')

    @pytest.fixture(scope="session")
    def bundle(tmp_path_factory: pytest.TempPathFactory) -> Path:
        root = tmp_path_factory.mktemp("pkg2-bundle-build")
        builder = root / "build environment with spaces"
        build_home = root / "build home with spaces"
        build_env = _env(build_home)
        build_env["UV"] = str(root / "uv must not be used")
        _run([sys.executable, "-m", "venv", str(builder)], env=build_env)
        build_python = builder / "bin" / "python"
>       tooling = _run(
            [
                str(build_python),
                "-c",
                "import importlib.util; "
                "assert importlib.util.find_spec('pip') is not None; "
                "assert importlib.util.find_spec('setuptools') is not None; "
                "assert importlib.util.find_spec('build') is None; "
                "assert importlib.util.find_spec('wheel') is None",
            ],
            env=build_env,
            cwd=builder,
        )

tests/unit/test_pkg2_packaging.py:85: 
_ _ _ _ _ _ _ _ _ _ _ _ _ _ _ _ _ _ _ _ _ _ _ _ _ _ _ _ _ _ _ _ _ _ _ _ _ _ _ _ 
tests/unit/test_pkg2_packaging.py:43: in _run
    return subprocess.run(cmd, cwd=cwd, env=env, check=check, capture_output=True, text=True)
           ^^^^^^^^^^^^^^^^^^^^^^^^^^^^^^^^^^^^^^^^^^^^^^^^^^^^^^^^^^^^^^^^^^^^^^^^^^^^^^^^^^
_ _ _ _ _ _ _ _ _ _ _ _ _ _ _ _ _ _ _ _ _ _ _ _ _ _ _ _ _ _ _ _ _ _ _ _ _ _ _ _ 

input = None, capture_output = True, timeout = None, check = True
popenargs = (['/tmp/pytest-of-lenovo/pytest-49/pkg2-bundle-build0/build environment with spaces/bin/python', '-c', "import importl...s') is not None; assert importlib.util.find_spec('build') is None; assert importlib.util.find_spec('wheel') is None"],)
kwargs = {'cwd': PosixPath('/tmp/pytest-of-lenovo/pytest-49/pkg2-bundle-build0/build environment with spaces'), 'env': {'AI_AGE...H': 'false', 'BROWSERBASE_PROXIES': 'true', 'BROWSER_INACTIVITY_TIMEOUT': '120', ...}, 'stderr': -1, 'stdout': -1, ...}
process = <Popen: returncode: 1 args: ['/tmp/pytest-of-lenovo/pytest-49/pkg2-bundle-bu...>
stdout = ''
stderr = 'Traceback (most recent call last):\n  File "<string>", line 1, in <module>\n    import importlib.util; assert importl...                                                  ^^^^^^^^^^^^^^^^^^^^^^^^^^^^^^^^^^^^^^^^^^^^^^^^^^\nAssertionError\n'
retcode = 1

    def run(*popenargs,
            input=None, capture_output=False, timeout=None, check=False, **kwargs):
        """Run command with arguments and return a CompletedProcess instance.
    
        The returned instance will have attributes args, returncode, stdout and
        stderr. By default, stdout and stderr are not captured, and those attributes
        will be None. Pass stdout=PIPE and/or stderr=PIPE in order to capture them,
        or pass capture_output=True to capture both.
    
        If check is True and the exit code was non-zero, it raises a
        CalledProcessError. The CalledProcessError object will have the return code
        in the returncode attribute, and output & stderr attributes if those streams
        were captured.
    
        If timeout (seconds) is given and the process takes too long,
         a TimeoutExpired exception will be raised.
    
        There is an optional argument "input", allowing you to
        pass bytes or a string to the subprocess's stdin.  If you use this argument
        you may not also use the Popen constructor's "stdin" argument, as
        it will be used internally.
    
        By default, all communication is in bytes, and therefore any "input" should
        be bytes, and the stdout and stderr will be bytes. If in text mode, any
        "input" should be a string, and stdout and stderr will be strings decoded
        according to locale encoding, or by "encoding" if set. Text mode is
        triggered by setting any of text, encoding, errors or universal_newlines.
    
        The other arguments are the same as for the Popen constructor.
        """
        if input is not None:
            if kwargs.get('stdin') is not None:
                raise ValueError('stdin and input arguments may not both be used.')
            kwargs['stdin'] = PIPE
    
        if capture_output:
            if kwargs.get('stdout') is not None or kwargs.get('stderr') is not None:
                raise ValueError('stdout and stderr arguments may not be used '
                                 'with capture_output.')
            kwargs['stdout'] = PIPE
            kwargs['stderr'] = PIPE
    
        with Popen(*popenargs, **kwargs) as process:
            try:
                stdout, stderr = process.communicate(input, timeout=timeout)
            except TimeoutExpired as exc:
                process.kill()
                if _mswindows:
                    # Windows accumulates the output in a single blocking
                    # read() call run on child threads, with the timeout
                    # being done in a join() on those threads.  communicate()
                    # _after_ kill() is required to collect that and add it
                    # to the exception.
                    exc.stdout, exc.stderr = process.communicate()
                else:
                    # POSIX _communicate already populated the output so
                    # far into the TimeoutExpired exception.
                    process.wait()
                raise
            except:  # Including KeyboardInterrupt, communicate handled that.
                process.kill()
                # We don't call process.wait() as .__exit__ does that for us.
                raise
            retcode = process.poll()
            if check and retcode:
>               raise CalledProcessError(retcode, process.args,
                                         output=stdout, stderr=stderr)
E               subprocess.CalledProcessError: Command '['/tmp/pytest-of-lenovo/pytest-49/pkg2-bundle-build0/build environment with spaces/bin/python', '-c', "import importlib.util; assert importlib.util.find_spec('pip') is not None; assert importlib.util.find_spec('setuptools') is not None; assert importlib.util.find_spec('build') is None; assert importlib.util.find_spec('wheel') is None"]' returned non-zero exit status 1.

/usr/lib/python3.14/subprocess.py:578: CalledProcessError
________________ ERROR at setup of test_pypdf_remains_optional _________________

tmp_path_factory = TempPathFactory(_given_basetemp=None, _trace=<pluggy._tracing.TagTracerSub object at 0x70f657274e90>, _basetemp=PosixPath('/tmp/pytest-of-lenovo/pytest-49'), _retention_count=3, _retention_policy='all')

    @pytest.fixture(scope="session")
    def bundle(tmp_path_factory: pytest.TempPathFactory) -> Path:
        root = tmp_path_factory.mktemp("pkg2-bundle-build")
        builder = root / "build environment with spaces"
        build_home = root / "build home with spaces"
        build_env = _env(build_home)
        build_env["UV"] = str(root / "uv must not be used")
        _run([sys.executable, "-m", "venv", str(builder)], env=build_env)
        build_python = builder / "bin" / "python"
>       tooling = _run(
            [
                str(build_python),
                "-c",
                "import importlib.util; "
                "assert importlib.util.find_spec('pip') is not None; "
                "assert importlib.util.find_spec('setuptools') is not None; "
                "assert importlib.util.find_spec('build') is None; "
                "assert importlib.util.find_spec('wheel') is None",
            ],
            env=build_env,
            cwd=builder,
        )

tests/unit/test_pkg2_packaging.py:85: 
_ _ _ _ _ _ _ _ _ _ _ _ _ _ _ _ _ _ _ _ _ _ _ _ _ _ _ _ _ _ _ _ _ _ _ _ _ _ _ _ 
tests/unit/test_pkg2_packaging.py:43: in _run
    return subprocess.run(cmd, cwd=cwd, env=env, check=check, capture_output=True, text=True)
           ^^^^^^^^^^^^^^^^^^^^^^^^^^^^^^^^^^^^^^^^^^^^^^^^^^^^^^^^^^^^^^^^^^^^^^^^^^^^^^^^^^
_ _ _ _ _ _ _ _ _ _ _ _ _ _ _ _ _ _ _ _ _ _ _ _ _ _ _ _ _ _ _ _ _ _ _ _ _ _ _ _ 

input = None, capture_output = True, timeout = None, check = True
popenargs = (['/tmp/pytest-of-lenovo/pytest-49/pkg2-bundle-build0/build environment with spaces/bin/python', '-c', "import importl...s') is not None; assert importlib.util.find_spec('build') is None; assert importlib.util.find_spec('wheel') is None"],)
kwargs = {'cwd': PosixPath('/tmp/pytest-of-lenovo/pytest-49/pkg2-bundle-build0/build environment with spaces'), 'env': {'AI_AGE...H': 'false', 'BROWSERBASE_PROXIES': 'true', 'BROWSER_INACTIVITY_TIMEOUT': '120', ...}, 'stderr': -1, 'stdout': -1, ...}
process = <Popen: returncode: 1 args: ['/tmp/pytest-of-lenovo/pytest-49/pkg2-bundle-bu...>
stdout = ''
stderr = 'Traceback (most recent call last):\n  File "<string>", line 1, in <module>\n    import importlib.util; assert importl...                                                  ^^^^^^^^^^^^^^^^^^^^^^^^^^^^^^^^^^^^^^^^^^^^^^^^^^\nAssertionError\n'
retcode = 1

    def run(*popenargs,
            input=None, capture_output=False, timeout=None, check=False, **kwargs):
        """Run command with arguments and return a CompletedProcess instance.
    
        The returned instance will have attributes args, returncode, stdout and
        stderr. By default, stdout and stderr are not captured, and those attributes
        will be None. Pass stdout=PIPE and/or stderr=PIPE in order to capture them,
        or pass capture_output=True to capture both.
    
        If check is True and the exit code was non-zero, it raises a
        CalledProcessError. The CalledProcessError object will have the return code
        in the returncode attribute, and output & stderr attributes if those streams
        were captured.
    
        If timeout (seconds) is given and the process takes too long,
         a TimeoutExpired exception will be raised.
    
        There is an optional argument "input", allowing you to
        pass bytes or a string to the subprocess's stdin.  If you use this argument
        you may not also use the Popen constructor's "stdin" argument, as
        it will be used internally.
    
        By default, all communication is in bytes, and therefore any "input" should
        be bytes, and the stdout and stderr will be bytes. If in text mode, any
        "input" should be a string, and stdout and stderr will be strings decoded
        according to locale encoding, or by "encoding" if set. Text mode is
        triggered by setting any of text, encoding, errors or universal_newlines.
    
        The other arguments are the same as for the Popen constructor.
        """
        if input is not None:
            if kwargs.get('stdin') is not None:
                raise ValueError('stdin and input arguments may not both be used.')
            kwargs['stdin'] = PIPE
    
        if capture_output:
            if kwargs.get('stdout') is not None or kwargs.get('stderr') is not None:
                raise ValueError('stdout and stderr arguments may not be used '
                                 'with capture_output.')
            kwargs['stdout'] = PIPE
            kwargs['stderr'] = PIPE
    
        with Popen(*popenargs, **kwargs) as process:
            try:
                stdout, stderr = process.communicate(input, timeout=timeout)
            except TimeoutExpired as exc:
                process.kill()
                if _mswindows:
                    # Windows accumulates the output in a single blocking
                    # read() call run on child threads, with the timeout
                    # being done in a join() on those threads.  communicate()
                    # _after_ kill() is required to collect that and add it
                    # to the exception.
                    exc.stdout, exc.stderr = process.communicate()
                else:
                    # POSIX _communicate already populated the output so
                    # far into the TimeoutExpired exception.
                    process.wait()
                raise
            except:  # Including KeyboardInterrupt, communicate handled that.
                process.kill()
                # We don't call process.wait() as .__exit__ does that for us.
                raise
            retcode = process.poll()
            if check and retcode:
>               raise CalledProcessError(retcode, process.args,
                                         output=stdout, stderr=stderr)
E               subprocess.CalledProcessError: Command '['/tmp/pytest-of-lenovo/pytest-49/pkg2-bundle-build0/build environment with spaces/bin/python', '-c', "import importlib.util; assert importlib.util.find_spec('pip') is not None; assert importlib.util.find_spec('setuptools') is not None; assert importlib.util.find_spec('build') is None; assert importlib.util.find_spec('wheel') is None"]' returned non-zero exit status 1.

/usr/lib/python3.14/subprocess.py:578: CalledProcessError
____ ERROR at setup of test_installed_runtime_exposes_pkg3_setup_and_doctor ____

tmp_path_factory = TempPathFactory(_given_basetemp=None, _trace=<pluggy._tracing.TagTracerSub object at 0x70f657274e90>, _basetemp=PosixPath('/tmp/pytest-of-lenovo/pytest-49'), _retention_count=3, _retention_policy='all')

    @pytest.fixture(scope="session")
    def bundle(tmp_path_factory: pytest.TempPathFactory) -> Path:
        root = tmp_path_factory.mktemp("pkg2-bundle-build")
        builder = root / "build environment with spaces"
        build_home = root / "build home with spaces"
        build_env = _env(build_home)
        build_env["UV"] = str(root / "uv must not be used")
        _run([sys.executable, "-m", "venv", str(builder)], env=build_env)
        build_python = builder / "bin" / "python"
>       tooling = _run(
            [
                str(build_python),
                "-c",
                "import importlib.util; "
                "assert importlib.util.find_spec('pip') is not None; "
                "assert importlib.util.find_spec('setuptools') is not None; "
                "assert importlib.util.find_spec('build') is None; "
                "assert importlib.util.find_spec('wheel') is None",
            ],
            env=build_env,
            cwd=builder,
        )

tests/unit/test_pkg2_packaging.py:85: 
_ _ _ _ _ _ _ _ _ _ _ _ _ _ _ _ _ _ _ _ _ _ _ _ _ _ _ _ _ _ _ _ _ _ _ _ _ _ _ _ 
tests/unit/test_pkg2_packaging.py:43: in _run
    return subprocess.run(cmd, cwd=cwd, env=env, check=check, capture_output=True, text=True)
           ^^^^^^^^^^^^^^^^^^^^^^^^^^^^^^^^^^^^^^^^^^^^^^^^^^^^^^^^^^^^^^^^^^^^^^^^^^^^^^^^^^
_ _ _ _ _ _ _ _ _ _ _ _ _ _ _ _ _ _ _ _ _ _ _ _ _ _ _ _ _ _ _ _ _ _ _ _ _ _ _ _ 

input = None, capture_output = True, timeout = None, check = True
popenargs = (['/tmp/pytest-of-lenovo/pytest-49/pkg2-bundle-build0/build environment with spaces/bin/python', '-c', "import importl...s') is not None; assert importlib.util.find_spec('build') is None; assert importlib.util.find_spec('wheel') is None"],)
kwargs = {'cwd': PosixPath('/tmp/pytest-of-lenovo/pytest-49/pkg2-bundle-build0/build environment with spaces'), 'env': {'AI_AGE...H': 'false', 'BROWSERBASE_PROXIES': 'true', 'BROWSER_INACTIVITY_TIMEOUT': '120', ...}, 'stderr': -1, 'stdout': -1, ...}
process = <Popen: returncode: 1 args: ['/tmp/pytest-of-lenovo/pytest-49/pkg2-bundle-bu...>
stdout = ''
stderr = 'Traceback (most recent call last):\n  File "<string>", line 1, in <module>\n    import importlib.util; assert importl...                                                  ^^^^^^^^^^^^^^^^^^^^^^^^^^^^^^^^^^^^^^^^^^^^^^^^^^\nAssertionError\n'
retcode = 1

    def run(*popenargs,
            input=None, capture_output=False, timeout=None, check=False, **kwargs):
        """Run command with arguments and return a CompletedProcess instance.
    
        The returned instance will have attributes args, returncode, stdout and
        stderr. By default, stdout and stderr are not captured, and those attributes
        will be None. Pass stdout=PIPE and/or stderr=PIPE in order to capture them,
        or pass capture_output=True to capture both.
    
        If check is True and the exit code was non-zero, it raises a
        CalledProcessError. The CalledProcessError object will have the return code
        in the returncode attribute, and output & stderr attributes if those streams
        were captured.
    
        If timeout (seconds) is given and the process takes too long,
         a TimeoutExpired exception will be raised.
    
        There is an optional argument "input", allowing you to
        pass bytes or a string to the subprocess's stdin.  If you use this argument
        you may not also use the Popen constructor's "stdin" argument, as
        it will be used internally.
    
        By default, all communication is in bytes, and therefore any "input" should
        be bytes, and the stdout and stderr will be bytes. If in text mode, any
        "input" should be a string, and stdout and stderr will be strings decoded
        according to locale encoding, or by "encoding" if set. Text mode is
        triggered by setting any of text, encoding, errors or universal_newlines.
    
        The other arguments are the same as for the Popen constructor.
        """
        if input is not None:
            if kwargs.get('stdin') is not None:
                raise ValueError('stdin and input arguments may not both be used.')
            kwargs['stdin'] = PIPE
    
        if capture_output:
            if kwargs.get('stdout') is not None or kwargs.get('stderr') is not None:
                raise ValueError('stdout and stderr arguments may not be used '
                                 'with capture_output.')
            kwargs['stdout'] = PIPE
            kwargs['stderr'] = PIPE
    
        with Popen(*popenargs, **kwargs) as process:
            try:
                stdout, stderr = process.communicate(input, timeout=timeout)
            except TimeoutExpired as exc:
                process.kill()
                if _mswindows:
                    # Windows accumulates the output in a single blocking
                    # read() call run on child threads, with the timeout
                    # being done in a join() on those threads.  communicate()
                    # _after_ kill() is required to collect that and add it
                    # to the exception.
                    exc.stdout, exc.stderr = process.communicate()
                else:
                    # POSIX _communicate already populated the output so
                    # far into the TimeoutExpired exception.
                    process.wait()
                raise
            except:  # Including KeyboardInterrupt, communicate handled that.
                process.kill()
                # We don't call process.wait() as .__exit__ does that for us.
                raise
            retcode = process.poll()
            if check and retcode:
>               raise CalledProcessError(retcode, process.args,
                                         output=stdout, stderr=stderr)
E               subprocess.CalledProcessError: Command '['/tmp/pytest-of-lenovo/pytest-49/pkg2-bundle-build0/build environment with spaces/bin/python', '-c', "import importlib.util; assert importlib.util.find_spec('pip') is not None; assert importlib.util.find_spec('setuptools') is not None; assert importlib.util.find_spec('build') is None; assert importlib.util.find_spec('wheel') is None"]' returned non-zero exit status 1.

/usr/lib/python3.14/subprocess.py:578: CalledProcessError
_ ERROR at setup of test_installed_runtime_upgrade_check_and_same_version_reinstall_preserve_state _

tmp_path_factory = TempPathFactory(_given_basetemp=None, _trace=<pluggy._tracing.TagTracerSub object at 0x70f657274e90>, _basetemp=PosixPath('/tmp/pytest-of-lenovo/pytest-49'), _retention_count=3, _retention_policy='all')

    @pytest.fixture(scope="session")
    def bundle(tmp_path_factory: pytest.TempPathFactory) -> Path:
        root = tmp_path_factory.mktemp("pkg2-bundle-build")
        builder = root / "build environment with spaces"
        build_home = root / "build home with spaces"
        build_env = _env(build_home)
        build_env["UV"] = str(root / "uv must not be used")
        _run([sys.executable, "-m", "venv", str(builder)], env=build_env)
        build_python = builder / "bin" / "python"
>       tooling = _run(
            [
                str(build_python),
                "-c",
                "import importlib.util; "
                "assert importlib.util.find_spec('pip') is not None; "
                "assert importlib.util.find_spec('setuptools') is not None; "
                "assert importlib.util.find_spec('build') is None; "
                "assert importlib.util.find_spec('wheel') is None",
            ],
            env=build_env,
            cwd=builder,
        )

tests/unit/test_pkg2_packaging.py:85: 
_ _ _ _ _ _ _ _ _ _ _ _ _ _ _ _ _ _ _ _ _ _ _ _ _ _ _ _ _ _ _ _ _ _ _ _ _ _ _ _ 
tests/unit/test_pkg2_packaging.py:43: in _run
    return subprocess.run(cmd, cwd=cwd, env=env, check=check, capture_output=True, text=True)
           ^^^^^^^^^^^^^^^^^^^^^^^^^^^^^^^^^^^^^^^^^^^^^^^^^^^^^^^^^^^^^^^^^^^^^^^^^^^^^^^^^^
_ _ _ _ _ _ _ _ _ _ _ _ _ _ _ _ _ _ _ _ _ _ _ _ _ _ _ _ _ _ _ _ _ _ _ _ _ _ _ _ 

input = None, capture_output = True, timeout = None, check = True
popenargs = (['/tmp/pytest-of-lenovo/pytest-49/pkg2-bundle-build0/build environment with spaces/bin/python', '-c', "import importl...s') is not None; assert importlib.util.find_spec('build') is None; assert importlib.util.find_spec('wheel') is None"],)
kwargs = {'cwd': PosixPath('/tmp/pytest-of-lenovo/pytest-49/pkg2-bundle-build0/build environment with spaces'), 'env': {'AI_AGE...H': 'false', 'BROWSERBASE_PROXIES': 'true', 'BROWSER_INACTIVITY_TIMEOUT': '120', ...}, 'stderr': -1, 'stdout': -1, ...}
process = <Popen: returncode: 1 args: ['/tmp/pytest-of-lenovo/pytest-49/pkg2-bundle-bu...>
stdout = ''
stderr = 'Traceback (most recent call last):\n  File "<string>", line 1, in <module>\n    import importlib.util; assert importl...                                                  ^^^^^^^^^^^^^^^^^^^^^^^^^^^^^^^^^^^^^^^^^^^^^^^^^^\nAssertionError\n'
retcode = 1

    def run(*popenargs,
            input=None, capture_output=False, timeout=None, check=False, **kwargs):
        """Run command with arguments and return a CompletedProcess instance.
    
        The returned instance will have attributes args, returncode, stdout and
        stderr. By default, stdout and stderr are not captured, and those attributes
        will be None. Pass stdout=PIPE and/or stderr=PIPE in order to capture them,
        or pass capture_output=True to capture both.
    
        If check is True and the exit code was non-zero, it raises a
        CalledProcessError. The CalledProcessError object will have the return code
        in the returncode attribute, and output & stderr attributes if those streams
        were captured.
    
        If timeout (seconds) is given and the process takes too long,
         a TimeoutExpired exception will be raised.
    
        There is an optional argument "input", allowing you to
        pass bytes or a string to the subprocess's stdin.  If you use this argument
        you may not also use the Popen constructor's "stdin" argument, as
        it will be used internally.
    
        By default, all communication is in bytes, and therefore any "input" should
        be bytes, and the stdout and stderr will be bytes. If in text mode, any
        "input" should be a string, and stdout and stderr will be strings decoded
        according to locale encoding, or by "encoding" if set. Text mode is
        triggered by setting any of text, encoding, errors or universal_newlines.
    
        The other arguments are the same as for the Popen constructor.
        """
        if input is not None:
            if kwargs.get('stdin') is not None:
                raise ValueError('stdin and input arguments may not both be used.')
            kwargs['stdin'] = PIPE
    
        if capture_output:
            if kwargs.get('stdout') is not None or kwargs.get('stderr') is not None:
                raise ValueError('stdout and stderr arguments may not be used '
                                 'with capture_output.')
            kwargs['stdout'] = PIPE
            kwargs['stderr'] = PIPE
    
        with Popen(*popenargs, **kwargs) as process:
            try:
                stdout, stderr = process.communicate(input, timeout=timeout)
            except TimeoutExpired as exc:
                process.kill()
                if _mswindows:
                    # Windows accumulates the output in a single blocking
                    # read() call run on child threads, with the timeout
                    # being done in a join() on those threads.  communicate()
                    # _after_ kill() is required to collect that and add it
                    # to the exception.
                    exc.stdout, exc.stderr = process.communicate()
                else:
                    # POSIX _communicate already populated the output so
                    # far into the TimeoutExpired exception.
                    process.wait()
                raise
            except:  # Including KeyboardInterrupt, communicate handled that.
                process.kill()
                # We don't call process.wait() as .__exit__ does that for us.
                raise
            retcode = process.poll()
            if check and retcode:
>               raise CalledProcessError(retcode, process.args,
                                         output=stdout, stderr=stderr)
E               subprocess.CalledProcessError: Command '['/tmp/pytest-of-lenovo/pytest-49/pkg2-bundle-build0/build environment with spaces/bin/python', '-c', "import importlib.util; assert importlib.util.find_spec('pip') is not None; assert importlib.util.find_spec('setuptools') is not None; assert importlib.util.find_spec('build') is None; assert importlib.util.find_spec('wheel') is None"]' returned non-zero exit status 1.

/usr/lib/python3.14/subprocess.py:578: CalledProcessError
=================================== FAILURES ===================================
________________ test_compatible_python_detection_and_rejection ________________

    def test_compatible_python_detection_and_rejection() -> None:
        from packaging.release_common import is_compatible_python
    
>       assert is_compatible_python(sys.executable)
E       AssertionError: assert False
E        +  where False = <function is_compatible_python at 0x70f654449850>('/usr/bin/python3')
E        +    where '/usr/bin/python3' = sys.executable

tests/unit/test_pkg2_packaging.py:220: AssertionError
_________ test_doctor_reports_optional_absence_as_warnings_and_is_json _________

tmp_path = PosixPath('/tmp/pytest-of-lenovo/pytest-49/test_doctor_reports_optional_a0')

    def test_doctor_reports_optional_absence_as_warnings_and_is_json(tmp_path: Path) -> None:
        assert _run(tmp_path, "setup").returncode == 0
        before = sorted(
            (path.relative_to(tmp_path), path.stat().st_mtime_ns, path.stat().st_size)
            for path in tmp_path.rglob("*")
            if path.is_file()
        )
>       result = _run(tmp_path, "doctor", "--json")
                 ^^^^^^^^^^^^^^^^^^^^^^^^^^^^^^^^^^

tests/unit/test_pkg3_setup_doctor.py:69: 
_ _ _ _ _ _ _ _ _ _ _ _ _ _ _ _ _ _ _ _ _ _ _ _ _ _ _ _ _ _ _ _ _ _ _ _ _ _ _ _ 
tests/unit/test_pkg3_setup_doctor.py:33: in _run
    return subprocess.run(
_ _ _ _ _ _ _ _ _ _ _ _ _ _ _ _ _ _ _ _ _ _ _ _ _ _ _ _ _ _ _ _ _ _ _ _ _ _ _ _ 

input = None, capture_output = True, timeout = None, check = True
popenargs = (['/usr/bin/python3', '-m', 'zero_mem.cli', 'doctor', '--json'],)
kwargs = {'cwd': PosixPath('/home/lenovo/Hermes Workspace/zero-mem-v1.1'), 'env': {'AI_AGENT': 'hermes-agent', 'BROWSERBASE_ADV...H': 'false', 'BROWSERBASE_PROXIES': 'true', 'BROWSER_INACTIVITY_TIMEOUT': '120', ...}, 'stderr': -1, 'stdout': -1, ...}
process = <Popen: returncode: 1 args: ['/usr/bin/python3', '-m', 'zero_mem.cli', 'doct...>
stdout = '{"checks":[{"id":"python","message":"CPython >=3.11,<3.14 required","status":"FAIL"},{"id":"runtime","message":"runti..."},{"id":"ai_api","message":"AI API is not required","status":"OPTIONAL"}],"overall":"NOT_READY","schema_version":1}\n'
stderr = '', retcode = 1

    def run(*popenargs,
            input=None, capture_output=False, timeout=None, check=False, **kwargs):
        """Run command with arguments and return a CompletedProcess instance.
    
        The returned instance will have attributes args, returncode, stdout and
        stderr. By default, stdout and stderr are not captured, and those attributes
        will be None. Pass stdout=PIPE and/or stderr=PIPE in order to capture them,
        or pass capture_output=True to capture both.
    
        If check is True and the exit code was non-zero, it raises a
        CalledProcessError. The CalledProcessError object will have the return code
        in the returncode attribute, and output & stderr attributes if those streams
        were captured.
    
        If timeout (seconds) is given and the process takes too long,
         a TimeoutExpired exception will be raised.
    
        There is an optional argument "input", allowing you to
        pass bytes or a string to the subprocess's stdin.  If you use this argument
        you may not also use the Popen constructor's "stdin" argument, as
        it will be used internally.
    
        By default, all communication is in bytes, and therefore any "input" should
        be bytes, and the stdout and stderr will be bytes. If in text mode, any
        "input" should be a string, and stdout and stderr will be strings decoded
        according to locale encoding, or by "encoding" if set. Text mode is
        triggered by setting any of text, encoding, errors or universal_newlines.
    
        The other arguments are the same as for the Popen constructor.
        """
        if input is not None:
            if kwargs.get('stdin') is not None:
                raise ValueError('stdin and input arguments may not both be used.')
            kwargs['stdin'] = PIPE
    
        if capture_output:
            if kwargs.get('stdout') is not None or kwargs.get('stderr') is not None:
                raise ValueError('stdout and stderr arguments may not be used '
                                 'with capture_output.')
            kwargs['stdout'] = PIPE
            kwargs['stderr'] = PIPE
    
        with Popen(*popenargs, **kwargs) as process:
            try:
                stdout, stderr = process.communicate(input, timeout=timeout)
            except TimeoutExpired as exc:
                process.kill()
                if _mswindows:
                    # Windows accumulates the output in a single blocking
                    # read() call run on child threads, with the timeout
                    # being done in a join() on those threads.  communicate()
                    # _after_ kill() is required to collect that and add it
                    # to the exception.
                    exc.stdout, exc.stderr = process.communicate()
                else:
                    # POSIX _communicate already populated the output so
                    # far into the TimeoutExpired exception.
                    process.wait()
                raise
            except:  # Including KeyboardInterrupt, communicate handled that.
                process.kill()
                # We don't call process.wait() as .__exit__ does that for us.
                raise
            retcode = process.poll()
            if check and retcode:
>               raise CalledProcessError(retcode, process.args,
                                         output=stdout, stderr=stderr)
E               subprocess.CalledProcessError: Command '['/usr/bin/python3', '-m', 'zero_mem.cli', 'doctor', '--json']' returned non-zero exit status 1.

/usr/lib/python3.14/subprocess.py:578: CalledProcessError
_________ test_backup_create_verify_and_restore_rebuilds_derived_state _________

monkeypatch = <_pytest.monkeypatch.MonkeyPatch object at 0x70f65598d6a0>
tmp_path = PosixPath('/tmp/pytest-of-lenovo/pytest-49/test_backup_create_verify_and_0')

    def test_backup_create_verify_and_restore_rebuilds_derived_state(monkeypatch, tmp_path: Path) -> None:
        _fixture(monkeypatch, tmp_path)
        before = memory_stream().read_bytes()
        backup = create_backup(tmp_path / "backup destination with spaces")
        assert verify_backup(backup)["status"] == "VALID"
        assert not (backup / "canonical/derived").exists()
    
        _write_events([_event("post-backup", text="mutated active state")])
>       result = restore_backup(backup, yes=True)
                 ^^^^^^^^^^^^^^^^^^^^^^^^^^^^^^^^

tests/unit/test_pkg5_backup_restore.py:107: 
_ _ _ _ _ _ _ _ _ _ _ _ _ _ _ _ _ _ _ _ _ _ _ _ _ _ _ _ _ _ _ _ _ _ _ _ _ _ _ _ 

backup = PosixPath('/tmp/pytest-of-lenovo/pytest-49/test_backup_create_verify_and_0/backup destination with spaces')

    def restore_backup(
        backup: Path,
        *,
        yes: bool = False,
        target_data_root: Path | None = None,
        target_corpus_root: Path | None = None,
    ) -> dict[str, Any]:
        """Verify, stage, rebuild, doctor, then safely promote a backup."""
        if not yes:
            raise _fail("CONFIRMATION_REQUIRED")
        root = _safe_target(Path(backup), "UNSAFE_PATH")
        verification = verify_backup(root)
        target = _safe_target(target_data_root or data_root(), "UNSAFE_PATH")
        manifest = _load_json_bytes((root / MANIFEST_NAME).read_bytes(), "INVALID_MANIFEST")
        manifest = _validate_manifest(manifest)
        corpus_target: Path | None = None
        if manifest["_has_corpus"]:
            if target_corpus_root is None:
                raise _fail("CORPUS_TARGET_REQUIRED")
            corpus_target = _safe_target(Path(target_corpus_root), "UNSAFE_PATH")
            if _contained(target, corpus_target) or _contained(corpus_target, target):
                raise _fail("UNSAFE_PATH")
    
        target.parent.mkdir(parents=True, exist_ok=True, mode=0o700)
        if target.exists() and (target.is_symlink() or not target.is_dir()):
            raise _fail("UNSAFE_PATH")
        if corpus_target is not None:
            corpus_target.parent.mkdir(parents=True, exist_ok=True, mode=0o700)
            if corpus_target.exists() and (corpus_target.is_symlink() or not corpus_target.is_dir()):
                raise _fail("UNSAFE_PATH")
        config_snapshot = _snapshot_config()
        staging = Path(tempfile.mkdtemp(prefix=".zero-mem-restore-", suffix=".partial", dir=str(target.parent)))
        corpus_staging: Path | None = None
        rollback: Path | None = None
        corpus_rollback: Path | None = None
        activated = False
        try:
            (staging / "data/memory/traces").mkdir(parents=True, mode=0o700)
            for entry in manifest["files"]:
                relative = entry["path"]
                source = root / relative
                if relative.startswith("canonical/memory/"):
                    destination = staging / "data/memory/traces" / relative[len("canonical/memory/") :]
                    destination.parent.mkdir(parents=True, exist_ok=True, mode=0o700)
                    shutil.copyfile(source, destination)
                    if os.name != "nt":
                        os.chmod(destination, 0o600)
                elif relative.startswith("canonical/corpus/"):
                    if corpus_staging is None:
                        corpus_staging = Path(tempfile.mkdtemp(prefix=".zero-mem-corpus-", suffix=".partial", dir=str(target.parent)))
                    destination = corpus_staging / relative[len("canonical/corpus/") :]
                    destination.parent.mkdir(parents=True, exist_ok=True, mode=0o700)
                    shutil.copyfile(source, destination)
                    if os.name != "nt":
                        os.chmod(destination, 0o600)
            _validate_memory_file(staging / "data/memory/traces/events-v1.jsonl")
            if corpus_staging is not None:
                _validate_corpus_root(corpus_staging)
            _rebuild_staged_derived(staging, corpus_staging)
            config_home = staging / "config-home"
            with _temporary_environment({
                "ZERO_MEM_DATA_ROOT": str(staging),
                "XDG_CONFIG_HOME": str(config_home),
                "ZERO_MEM_CORPUS_ROOT": str(corpus_staging) if corpus_staging is not None else None,
            }):
                write_config()
                from .commands_doctor import collect
                report = collect()
                if report["overall"] != "READY":
>                   raise _fail("DOCTOR_FAILED")
E                   zero_mem.backup.BackupError: DOCTOR_FAILED

zero_mem/backup.py:655: BackupError
___________ test_corpus_registry_and_blob_are_verified_and_restored ____________

monkeypatch = <_pytest.monkeypatch.MonkeyPatch object at 0x70f655f916a0>
tmp_path = PosixPath('/tmp/pytest-of-lenovo/pytest-49/test_corpus_registry_and_blob_0')

    def test_corpus_registry_and_blob_are_verified_and_restored(monkeypatch, tmp_path: Path) -> None:
        _fixture(monkeypatch, tmp_path, corpus=True)
        source_root = Path(os.environ["ZERO_MEM_CORPUS_ROOT"])
        backup = create_backup(tmp_path / "corpus backup")
        assert verify_backup(backup)["has_corpus"] is True
        target_corpus = tmp_path / "different corpus root with spaces"
>       restore_backup(backup, yes=True, target_corpus_root=target_corpus)

tests/unit/test_pkg5_backup_restore.py:126: 
_ _ _ _ _ _ _ _ _ _ _ _ _ _ _ _ _ _ _ _ _ _ _ _ _ _ _ _ _ _ _ _ _ _ _ _ _ _ _ _ 

backup = PosixPath('/tmp/pytest-of-lenovo/pytest-49/test_corpus_registry_and_blob_0/corpus backup')

    def restore_backup(
        backup: Path,
        *,
        yes: bool = False,
        target_data_root: Path | None = None,
        target_corpus_root: Path | None = None,
    ) -> dict[str, Any]:
        """Verify, stage, rebuild, doctor, then safely promote a backup."""
        if not yes:
            raise _fail("CONFIRMATION_REQUIRED")
        root = _safe_target(Path(backup), "UNSAFE_PATH")
        verification = verify_backup(root)
        target = _safe_target(target_data_root or data_root(), "UNSAFE_PATH")
        manifest = _load_json_bytes((root / MANIFEST_NAME).read_bytes(), "INVALID_MANIFEST")
        manifest = _validate_manifest(manifest)
        corpus_target: Path | None = None
        if manifest["_has_corpus"]:
            if target_corpus_root is None:
                raise _fail("CORPUS_TARGET_REQUIRED")
            corpus_target = _safe_target(Path(target_corpus_root), "UNSAFE_PATH")
            if _contained(target, corpus_target) or _contained(corpus_target, target):
                raise _fail("UNSAFE_PATH")
    
        target.parent.mkdir(parents=True, exist_ok=True, mode=0o700)
        if target.exists() and (target.is_symlink() or not target.is_dir()):
            raise _fail("UNSAFE_PATH")
        if corpus_target is not None:
            corpus_target.parent.mkdir(parents=True, exist_ok=True, mode=0o700)
            if corpus_target.exists() and (corpus_target.is_symlink() or not corpus_target.is_dir()):
                raise _fail("UNSAFE_PATH")
        config_snapshot = _snapshot_config()
        staging = Path(tempfile.mkdtemp(prefix=".zero-mem-restore-", suffix=".partial", dir=str(target.parent)))
        corpus_staging: Path | None = None
        rollback: Path | None = None
        corpus_rollback: Path | None = None
        activated = False
        try:
            (staging / "data/memory/traces").mkdir(parents=True, mode=0o700)
            for entry in manifest["files"]:
                relative = entry["path"]
                source = root / relative
                if relative.startswith("canonical/memory/"):
                    destination = staging / "data/memory/traces" / relative[len("canonical/memory/") :]
                    destination.parent.mkdir(parents=True, exist_ok=True, mode=0o700)
                    shutil.copyfile(source, destination)
                    if os.name != "nt":
                        os.chmod(destination, 0o600)
                elif relative.startswith("canonical/corpus/"):
                    if corpus_staging is None:
                        corpus_staging = Path(tempfile.mkdtemp(prefix=".zero-mem-corpus-", suffix=".partial", dir=str(target.parent)))
                    destination = corpus_staging / relative[len("canonical/corpus/") :]
                    destination.parent.mkdir(parents=True, exist_ok=True, mode=0o700)
                    shutil.copyfile(source, destination)
                    if os.name != "nt":
                        os.chmod(destination, 0o600)
            _validate_memory_file(staging / "data/memory/traces/events-v1.jsonl")
            if corpus_staging is not None:
                _validate_corpus_root(corpus_staging)
            _rebuild_staged_derived(staging, corpus_staging)
            config_home = staging / "config-home"
            with _temporary_environment({
                "ZERO_MEM_DATA_ROOT": str(staging),
                "XDG_CONFIG_HOME": str(config_home),
                "ZERO_MEM_CORPUS_ROOT": str(corpus_staging) if corpus_staging is not None else None,
            }):
                write_config()
                from .commands_doctor import collect
                report = collect()
                if report["overall"] != "READY":
>                   raise _fail("DOCTOR_FAILED")
E                   zero_mem.backup.BackupError: DOCTOR_FAILED

zero_mem/backup.py:655: BackupError
______ test_corpus_artifact_payload_round_trip_and_tamper_is_fail_closed _______

monkeypatch = <_pytest.monkeypatch.MonkeyPatch object at 0x70f655fd4210>
tmp_path = PosixPath('/tmp/pytest-of-lenovo/pytest-49/test_corpus_artifact_payload_r0')

    def test_corpus_artifact_payload_round_trip_and_tamper_is_fail_closed(
        monkeypatch, tmp_path: Path
    ) -> None:
        _fixture(monkeypatch, tmp_path, corpus=True)
        active_data_root = data_root()
        active_corpus_root = Path(os.environ["ZERO_MEM_CORPUS_ROOT"])
        artifact_bytes = b"synthetic canonical source"
        original_sha256 = hashlib.sha256(artifact_bytes).hexdigest()
        source_record = CorpusSourceRegistry(root=active_corpus_root).all_records()[0]
        digest = source_record.blob_ref
        assert digest is not None
        assert digest == original_sha256
        assert CorpusBlobStore(root=active_corpus_root).get(digest) == artifact_bytes
    
        backup = create_backup(tmp_path / "artifact payload backup")
        manifest = json.loads((backup / "manifest.json").read_text(encoding="utf-8"))
        artifact_path = f"canonical/corpus/blobs/{digest[:2]}/{digest}"
        artifact_entry = next(entry for entry in manifest["files"] if entry["path"] == artifact_path)
        assert artifact_entry["category"] == "canonical"
        assert artifact_entry["size"] == len(artifact_bytes)
        assert artifact_entry["sha256"] == original_sha256
        assert verify_backup(backup)["status"] == "VALID"
    
        # Mutate the active payload, then restore the same backup into different roots.
        active_blob = active_corpus_root / "blobs" / original_sha256[:2] / original_sha256
        active_blob.write_bytes(b"active mutation")
        target_data_root = tmp_path / "different data root"
        target_corpus_root = tmp_path / "different corpus root"
>       restore_backup(
            backup,
            yes=True,
            target_data_root=target_data_root,
            target_corpus_root=target_corpus_root,
        )

tests/unit/test_pkg5_backup_restore.py:162: 
_ _ _ _ _ _ _ _ _ _ _ _ _ _ _ _ _ _ _ _ _ _ _ _ _ _ _ _ _ _ _ _ _ _ _ _ _ _ _ _ 

backup = PosixPath('/tmp/pytest-of-lenovo/pytest-49/test_corpus_artifact_payload_r0/artifact payload backup')

    def restore_backup(
        backup: Path,
        *,
        yes: bool = False,
        target_data_root: Path | None = None,
        target_corpus_root: Path | None = None,
    ) -> dict[str, Any]:
        """Verify, stage, rebuild, doctor, then safely promote a backup."""
        if not yes:
            raise _fail("CONFIRMATION_REQUIRED")
        root = _safe_target(Path(backup), "UNSAFE_PATH")
        verification = verify_backup(root)
        target = _safe_target(target_data_root or data_root(), "UNSAFE_PATH")
        manifest = _load_json_bytes((root / MANIFEST_NAME).read_bytes(), "INVALID_MANIFEST")
        manifest = _validate_manifest(manifest)
        corpus_target: Path | None = None
        if manifest["_has_corpus"]:
            if target_corpus_root is None:
                raise _fail("CORPUS_TARGET_REQUIRED")
            corpus_target = _safe_target(Path(target_corpus_root), "UNSAFE_PATH")
            if _contained(target, corpus_target) or _contained(corpus_target, target):
                raise _fail("UNSAFE_PATH")
    
        target.parent.mkdir(parents=True, exist_ok=True, mode=0o700)
        if target.exists() and (target.is_symlink() or not target.is_dir()):
            raise _fail("UNSAFE_PATH")
        if corpus_target is not None:
            corpus_target.parent.mkdir(parents=True, exist_ok=True, mode=0o700)
            if corpus_target.exists() and (corpus_target.is_symlink() or not corpus_target.is_dir()):
                raise _fail("UNSAFE_PATH")
        config_snapshot = _snapshot_config()
        staging = Path(tempfile.mkdtemp(prefix=".zero-mem-restore-", suffix=".partial", dir=str(target.parent)))
        corpus_staging: Path | None = None
        rollback: Path | None = None
        corpus_rollback: Path | None = None
        activated = False
        try:
            (staging / "data/memory/traces").mkdir(parents=True, mode=0o700)
            for entry in manifest["files"]:
                relative = entry["path"]
                source = root / relative
                if relative.startswith("canonical/memory/"):
                    destination = staging / "data/memory/traces" / relative[len("canonical/memory/") :]
                    destination.parent.mkdir(parents=True, exist_ok=True, mode=0o700)
                    shutil.copyfile(source, destination)
                    if os.name != "nt":
                        os.chmod(destination, 0o600)
                elif relative.startswith("canonical/corpus/"):
                    if corpus_staging is None:
                        corpus_staging = Path(tempfile.mkdtemp(prefix=".zero-mem-corpus-", suffix=".partial", dir=str(target.parent)))
                    destination = corpus_staging / relative[len("canonical/corpus/") :]
                    destination.parent.mkdir(parents=True, exist_ok=True, mode=0o700)
                    shutil.copyfile(source, destination)
                    if os.name != "nt":
                        os.chmod(destination, 0o600)
            _validate_memory_file(staging / "data/memory/traces/events-v1.jsonl")
            if corpus_staging is not None:
                _validate_corpus_root(corpus_staging)
            _rebuild_staged_derived(staging, corpus_staging)
            config_home = staging / "config-home"
            with _temporary_environment({
                "ZERO_MEM_DATA_ROOT": str(staging),
                "XDG_CONFIG_HOME": str(config_home),
                "ZERO_MEM_CORPUS_ROOT": str(corpus_staging) if corpus_staging is not None else None,
            }):
                write_config()
                from .commands_doctor import collect
                report = collect()
                if report["overall"] != "READY":
>                   raise _fail("DOCTOR_FAILED")
E                   zero_mem.backup.BackupError: DOCTOR_FAILED

zero_mem/backup.py:655: BackupError
_____________ test_activation_failure_rolls_back_old_active_state ______________

monkeypatch = <_pytest.monkeypatch.MonkeyPatch object at 0x70f655d19d30>
tmp_path = PosixPath('/tmp/pytest-of-lenovo/pytest-49/test_activation_failure_rolls_0')

    def test_activation_failure_rolls_back_old_active_state(monkeypatch, tmp_path: Path) -> None:
        _fixture(monkeypatch, tmp_path)
        backup = create_backup(tmp_path / "activation failure")
        _write_events([_event("post-backup", text="active candidate")])
        before = memory_stream().read_bytes()
    
        def fail_configuration(_root: Path, _manifest: dict) -> None:
            raise BackupError("RESTORE_FAILED")
    
        monkeypatch.setattr(backup_module, "_restore_configuration", fail_configuration)
        with pytest.raises(BackupError) as exc_info:
            restore_backup(backup, yes=True)
>       assert exc_info.value.code == "RESTORE_FAILED"
E       AssertionError: assert 'DOCTOR_FAILED' == 'RESTORE_FAILED'
E         
E         - RESTORE_FAILED
E         + DOCTOR_FAILED

tests/unit/test_pkg5_backup_restore.py:336: AssertionError
______ test_setup_and_same_version_reinstall_preserve_authoritative_state ______

monkeypatch = <_pytest.monkeypatch.MonkeyPatch object at 0x70f655d1b0e0>
tmp_path = PosixPath('/tmp/pytest-of-lenovo/pytest-49/test_setup_and_same_version_re0')

    def test_setup_and_same_version_reinstall_preserve_authoritative_state(monkeypatch, tmp_path: Path) -> None:
        corpus, payload = _fixture(monkeypatch, tmp_path)
        # Model a descriptor created by an earlier compatible application version.
        descriptor = json.loads(config_path().read_text(encoding="utf-8"))
        descriptor["version"] = "0.9.0"
        config_path().write_text(json.dumps(descriptor, sort_keys=True) + "\n", encoding="utf-8")
        before_data = _files(data_root())
        before_corpus = _files(corpus)
    
        setup()
    
        assert _files(data_root()) == before_data
        assert _files(corpus) == before_corpus
        assert json.loads(config_path().read_text(encoding="utf-8"))["version"] == "0.9.0"
        assert CorpusBlobStore(root=corpus).get(hashlib.sha256(payload).hexdigest()) == payload
>       assert collect()["overall"] == "READY"
E       AssertionError: assert 'NOT_READY' == 'READY'
E         
E         - READY
E         + NOT_READY

tests/unit/test_pkg6_upgrade_lifecycle.py:155: AssertionError
_ test_upgrade_rebuilds_derived_state_and_preserves_canonical_backup_and_artifact _

monkeypatch = <_pytest.monkeypatch.MonkeyPatch object at 0x70f655d51e10>
tmp_path = PosixPath('/tmp/pytest-of-lenovo/pytest-49/test_upgrade_rebuilds_derived_0')

    def test_upgrade_rebuilds_derived_state_and_preserves_canonical_backup_and_artifact(monkeypatch, tmp_path: Path) -> None:
        corpus, payload = _fixture(monkeypatch, tmp_path)
        backup = create_backup(tmp_path / "backup with spaces")
        before_memory = memory_stream().read_bytes()
        before_corpus = _files(corpus)
    
>       first = upgrade()
                ^^^^^^^^^

tests/unit/test_pkg6_upgrade_lifecycle.py:164: 
_ _ _ _ _ _ _ _ _ _ _ _ _ _ _ _ _ _ _ _ _ _ _ _ _ _ _ _ _ _ _ _ _ _ _ _ _ _ _ _ 

    def upgrade() -> dict[str, Any]:
        """Rebuild disposable derived state and atomically activate it.
    
        Canonical JSONL, corpus registry/blobs, artifacts, profiles/grants, and
        configuration are validated but never rewritten.  A staging failure happens
        before activation and therefore leaves the prior active state usable.
        """
        report = check()
        compatibility = report["compatibility"]
        if compatibility == FUTURE_VERSION_UNSUPPORTED:
            raise _fail("FUTURE_VERSION_UNSUPPORTED")
        if compatibility == CORRUPT_STATE:
            raise _fail("CORRUPT_STATE")
    
        active = derived_db()
        parent = derived_root()
        _safe_root(data_root(), code="DATA_ROOT_UNSAFE")
        if active.is_symlink() or (active.exists() and not active.is_file()):
            raise _fail("DERIVED_STATE_INVALID")
        parent.mkdir(parents=True, exist_ok=True, mode=0o700)
        if parent.is_symlink() or not parent.is_dir():
            raise _fail("DERIVED_STATE_INVALID")
        corpus_root = _corpus_root_from_environment()
        staging_dir = Path(tempfile.mkdtemp(prefix=".zero-mem-upgrade-", suffix=".partial", dir=str(parent)))
        staged = staging_dir / active.name
        rollback = active.with_name(f".{active.name}.rollback-{uuid.uuid4().hex[:8]}")
        activated = False
        try:
            _rebuild_derived(staged, corpus_root=corpus_root)
            _validate_staged_derived(staged)
            if active.exists():
                os.replace(active, rollback)
            os.replace(staged, active)
            activated = True
            doctor = collect_doctor()
            if doctor["overall"] != "READY":
>               raise _fail("DOCTOR_FAILED")
E               zero_mem.upgrade.UpgradeError: DOCTOR_FAILED

zero_mem/upgrade.py:240: UpgradeError
________ test_rebuild_failure_before_activation_preserves_active_state _________

monkeypatch = <_pytest.monkeypatch.MonkeyPatch object at 0x70f655d52c80>
tmp_path = PosixPath('/tmp/pytest-of-lenovo/pytest-49/test_rebuild_failure_before_ac0')

    def test_rebuild_failure_before_activation_preserves_active_state(monkeypatch, tmp_path: Path) -> None:
        _fixture(monkeypatch, tmp_path)
>       upgrade()

tests/unit/test_pkg6_upgrade_lifecycle.py:180: 
_ _ _ _ _ _ _ _ _ _ _ _ _ _ _ _ _ _ _ _ _ _ _ _ _ _ _ _ _ _ _ _ _ _ _ _ _ _ _ _ 

    def upgrade() -> dict[str, Any]:
        """Rebuild disposable derived state and atomically activate it.
    
        Canonical JSONL, corpus registry/blobs, artifacts, profiles/grants, and
        configuration are validated but never rewritten.  A staging failure happens
        before activation and therefore leaves the prior active state usable.
        """
        report = check()
        compatibility = report["compatibility"]
        if compatibility == FUTURE_VERSION_UNSUPPORTED:
            raise _fail("FUTURE_VERSION_UNSUPPORTED")
        if compatibility == CORRUPT_STATE:
            raise _fail("CORRUPT_STATE")
    
        active = derived_db()
        parent = derived_root()
        _safe_root(data_root(), code="DATA_ROOT_UNSAFE")
        if active.is_symlink() or (active.exists() and not active.is_file()):
            raise _fail("DERIVED_STATE_INVALID")
        parent.mkdir(parents=True, exist_ok=True, mode=0o700)
        if parent.is_symlink() or not parent.is_dir():
            raise _fail("DERIVED_STATE_INVALID")
        corpus_root = _corpus_root_from_environment()
        staging_dir = Path(tempfile.mkdtemp(prefix=".zero-mem-upgrade-", suffix=".partial", dir=str(parent)))
        staged = staging_dir / active.name
        rollback = active.with_name(f".{active.name}.rollback-{uuid.uuid4().hex[:8]}")
        activated = False
        try:
            _rebuild_derived(staged, corpus_root=corpus_root)
            _validate_staged_derived(staged)
            if active.exists():
                os.replace(active, rollback)
            os.replace(staged, active)
            activated = True
            doctor = collect_doctor()
            if doctor["overall"] != "READY":
>               raise _fail("DOCTOR_FAILED")
E               zero_mem.upgrade.UpgradeError: DOCTOR_FAILED

zero_mem/upgrade.py:240: UpgradeError
_________________ test_current_python_is_inside_declared_range _________________

    def test_current_python_is_inside_declared_range() -> None:
>       assert (3, 11) <= sys.version_info[:2] < (3, 14)
E       assert (3, 14) < (3, 14)

tests/unit/test_wp09_compatibility.py:22: AssertionError
=========================== short test summary info ============================
FAILED tests/unit/test_pkg2_packaging.py::test_compatible_python_detection_and_rejection
FAILED tests/unit/test_pkg3_setup_doctor.py::test_doctor_reports_optional_absence_as_warnings_and_is_json
FAILED tests/unit/test_pkg5_backup_restore.py::test_backup_create_verify_and_restore_rebuilds_derived_state
FAILED tests/unit/test_pkg5_backup_restore.py::test_corpus_registry_and_blob_are_verified_and_restored
FAILED tests/unit/test_pkg5_backup_restore.py::test_corpus_artifact_payload_round_trip_and_tamper_is_fail_closed
FAILED tests/unit/test_pkg5_backup_restore.py::test_activation_failure_rolls_back_old_active_state
FAILED tests/unit/test_pkg6_upgrade_lifecycle.py::test_setup_and_same_version_reinstall_preserve_authoritative_state
FAILED tests/unit/test_pkg6_upgrade_lifecycle.py::test_upgrade_rebuilds_derived_state_and_preserves_canonical_backup_and_artifact
FAILED tests/unit/test_pkg6_upgrade_lifecycle.py::test_rebuild_failure_before_activation_preserves_active_state
FAILED tests/unit/test_wp09_compatibility.py::test_current_python_is_inside_declared_range
ERROR tests/unit/test_pkg2_packaging.py::test_bundle_manifest_and_checksums_cover_release_payload
ERROR tests/unit/test_pkg2_packaging.py::test_fresh_offline_install_custom_xdg_and_cli
ERROR tests/unit/test_pkg2_packaging.py::test_checksum_tampering_fails_before_activation
ERROR tests/unit/test_pkg2_packaging.py::test_interrupted_install_preserves_previous_active_runtime
ERROR tests/unit/test_pkg2_packaging.py::test_same_version_reinstall_is_non_destructive
ERROR tests/unit/test_pkg2_packaging.py::test_default_uninstall_preserves_user_data
ERROR tests/unit/test_pkg2_packaging.py::test_uninstall_refuses_unsafe_active_symlink
ERROR tests/unit/test_pkg2_packaging.py::test_installer_has_no_repository_dependency
ERROR tests/unit/test_pkg2_packaging.py::test_pypdf_remains_optional - subpro...
ERROR tests/unit/test_pkg2_packaging.py::test_installed_runtime_exposes_pkg3_setup_and_doctor
ERROR tests/unit/test_pkg2_packaging.py::test_installed_runtime_upgrade_check_and_same_version_reinstall_preserve_state
10 failed, 3153 passed, 5 skipped, 11 errors in 17.69s
